NO.,所在地,名称,電話番号,詳細,指定避難所（市の呼称）,津波緊急避難所（市の呼称）,安全度ランク,避難生活施設（市の呼称）,洪水への対応,土砂災害への対応,地震への対応,津波への対応,備考,緯度,経度
1,伊勢市宇治館町510,三重交通Ｇ スポーツの杜 伊勢　（三重県営総合競技場陸上競技場）,0596-22-0189,,TRUE,FALSE,☆☆,FALSE,TRUE,TRUE,TRUE,FALSE,,34.4653300000000 ,136.72986000000 
2,伊勢市宇治今在家町511,高麗広公民館（ふれあい工房）,0596-25-9551,,TRUE,FALSE,▲,FALSE,TRUE,TRUE,TRUE,FALSE,孤立,34.4150590015743 ,136.74342598901 
3,伊勢市宇治浦田2丁目16-43,進修小学校 校舎,0596-22-2427,,TRUE,TRUE,☆☆☆,FALSE,TRUE,TRUE,TRUE,TRUE,自主,34.4690077323246 ,136.72164468170 
4,伊勢市宇治浦田2丁目16-43,進修小学校 屋内運動場,0596-22-2427,,FALSE,TRUE,▲,TRUE,FALSE,FALSE,FALSE,TRUE,,34.4694884236457 ,136.72168673897 
5,伊勢市中村町444,五十鈴中学校 校舎,0596-24-4888,,TRUE,TRUE,☆☆☆,FALSE,TRUE,TRUE,TRUE,TRUE,,34.4734732002812 ,136.72456608969 
6,伊勢市中村町444,五十鈴中学校 屋内運動場,0596-24-4888,,TRUE,TRUE,☆☆☆,TRUE,TRUE,TRUE,TRUE,TRUE,,34.4728868819832 ,136.72427539252 
7,伊勢市久世戸町5-1,修道小学校 校舎,0596-24-9694,,TRUE,TRUE,☆☆☆,FALSE,TRUE,TRUE,TRUE,TRUE,,34.4814870000000 ,136.72361800000 
8,伊勢市久世戸町5-1,修道小学校 屋内運動場,0596-24-9694,,TRUE,TRUE,☆☆☆,TRUE,TRUE,TRUE,TRUE,TRUE,,34.4821154228736 ,136.72356187089 
9,伊勢市岡本1丁目18-21,明倫小学校 校舎,0596-24-3199,２階以上,TRUE,TRUE,☆☆,FALSE,TRUE,TRUE,TRUE,TRUE,,34.4845595951857 ,136.71019706691 
10,伊勢市岡本1丁目18-21,明倫小学校 屋内運動場,0596-24-3199,,FALSE,FALSE,-,TRUE,FALSE,FALSE,FALSE,FALSE,,34.4848525375365 ,136.71034635892 
11,伊勢市岩渕1丁目2-29,いせ市民活動センター,0596-20-4385,２階以上,TRUE,TRUE,☆☆,TRUE,TRUE,TRUE,TRUE,TRUE,,34.4878666642866 ,136.70800006933 
12,伊勢市岩渕1丁目13-15,シンフォニアテクノロジー 響ホール伊勢（観光文化会館）,0596-28-5105,２階以上,TRUE,TRUE,☆☆,TRUE,TRUE,TRUE,TRUE,TRUE,自主　,34.4883724053309 ,136.71263776972 
13,伊勢市船江2丁目2-5,有緝小学校 校舎,0596-28-2450,２階以上,TRUE,TRUE,☆☆,FALSE,TRUE,TRUE,TRUE,TRUE,,34.4974017874946 ,136.71590105221 
14,伊勢市船江2丁目2-5,有緝小学校 屋内運動場,0596-28-2450,,FALSE,FALSE,-,TRUE,FALSE,FALSE,FALSE,FALSE,,34.4975159845150 ,136.71553670152 
15,伊勢市一之木5丁目5-3,厚生中学校 校舎,0596-28-3703,２階以上,TRUE,TRUE,☆☆,FALSE,TRUE,TRUE,TRUE,TRUE,,34.5015110058063 ,136.70936504540 
16,伊勢市一之木5丁目5-3,厚生中学校 屋内運動場,0596-28-3703,,FALSE,FALSE,-,TRUE,FALSE,FALSE,FALSE,FALSE,,34.5014767000184 ,136.71017882825 
17,伊勢市一志町1-4,厚生小学校 校舎,0596-25-8386,２階以上,TRUE,TRUE,☆☆,FALSE,TRUE,TRUE,TRUE,TRUE,,34.4923242702180 ,136.70503644258 
18,伊勢市一志町1-4,厚生小学校 屋内運動場,0596-25-8386,,FALSE,FALSE,-,TRUE,FALSE,FALSE,FALSE,FALSE,,34.4920405512624 ,136.70570672766 
19,伊勢市宮後1丁目1-1,三交イン伊勢市駅前,0596-20-3539,２階以上,FALSE,TRUE,☆,FALSE,FALSE,FALSE,FALSE,TRUE,民間,34.4913944076287 ,136.70849643835 
20,伊勢市宮後2丁目14-10,クレド宮後,-,２階以上,FALSE,TRUE,☆☆,FALSE,FALSE,FALSE,FALSE,TRUE,民間,34.4941200000000 ,136.70961000000 
21,伊勢市八日市場町13-1,伊勢市福祉健康センター,0596-27-2425,２階以上,TRUE,TRUE,☆☆,TRUE,TRUE,TRUE,TRUE,TRUE,自主　,34.4896119399322 ,136.69854919798 
22,伊勢市八日市場町13-13,サンライフ伊勢,0596-28-1266,,FALSE,FALSE,-,TRUE,FALSE,FALSE,FALSE,FALSE,,34.4890949315433 ,136.69851615315 
23,伊勢市常磐3丁目10-19,早修小学校 校舎,0596-23-2993,,TRUE,TRUE,☆☆☆,FALSE,TRUE,TRUE,TRUE,TRUE,,34.4885364452515 ,136.69635890592 
24,伊勢市常磐3丁目10-19,早修小学校 屋内運動場,0596-23-2993,,TRUE,TRUE,☆☆☆,TRUE,TRUE,TRUE,TRUE,TRUE,,34.4882429421588 ,136.69619920856 
25,伊勢市浦口3丁目13-1,宇治山田高等学校 校舎,0596-28-7158,,TRUE,TRUE,☆☆☆,FALSE,TRUE,TRUE,TRUE,TRUE,,34.4875473794525 ,136.69403734679 
26,伊勢市浦口3丁目13-1,宇治山田高等学校 体育館,0596-28-7158,,TRUE,TRUE,☆☆☆,FALSE,TRUE,TRUE,TRUE,TRUE,,34.4882799940746 ,136.69372583499 
27,伊勢市常磐2丁目4-40,伊勢市子育て支援センター きらら館,0596-22-5592,２階テラス,FALSE,TRUE,☆☆,FALSE,FALSE,FALSE,FALSE,TRUE,,34.4935139180124 ,136.69656849344 
28,伊勢市二俣1丁目2-17,中島小学校 校舎,0596-23-5907,２階以上,TRUE,TRUE,☆☆,FALSE,TRUE,TRUE,TRUE,TRUE,,34.4921372459435 ,136.69218082833 
29,伊勢市二俣1丁目2-17,中島小学校 屋内運動場,0596-23-5907,,FALSE,FALSE,-,TRUE,FALSE,FALSE,FALSE,FALSE,,34.4925062539338 ,136.69259727001 
30,伊勢市二俣4丁目5-3,伊勢宮川中学校 校舎,0596-25-8315,,TRUE,TRUE,☆☆☆,FALSE,TRUE,TRUE,TRUE,TRUE,自主,34.4825650841736 ,136.68998061231 
31,伊勢市二俣4丁目5-3,伊勢宮川中学校 屋内運動場,0596-25-8315,,TRUE,TRUE,☆☆☆,TRUE,TRUE,TRUE,TRUE,TRUE,自主,34.4821542031980 ,136.68896314495 
32,伊勢市浦口町,三郷山,-,,FALSE,TRUE,▲,FALSE,FALSE,FALSE,FALSE,TRUE,,34.4754070782513 ,136.68272609779 
33,伊勢市神社港294,旧神社小学校 校舎,-,３階以上,TRUE,TRUE,☆☆,FALSE,TRUE,TRUE,TRUE,TRUE,自主,34.5122687813058 ,136.73491818155 
34,伊勢市神社港294,旧神社小学校 屋内運動場,-,,FALSE,FALSE,-,TRUE,FALSE,FALSE,FALSE,FALSE,,34.5119156869796 ,136.73537555311 
35,伊勢市竹ヶ鼻町78-10,港中学校 校舎,0596-36-4144,３階以上,TRUE,TRUE,☆,FALSE,TRUE,TRUE,TRUE,TRUE,,34.5110165434548 ,136.73290368181 
36,伊勢市竹ヶ鼻町78-10,港中学校 屋内運動場,0596-36-4144,,FALSE,FALSE,-,TRUE,FALSE,FALSE,FALSE,FALSE,,34.5105714551590 ,136.73355996609 
37,伊勢市竹ヶ鼻町98-2,竹ヶ鼻第一団地(東棟),-,３階以上,FALSE,TRUE,☆☆,FALSE,FALSE,FALSE,FALSE,TRUE,,34.5106363903673 ,136.73108879178 
38,伊勢市竹ヶ鼻町99-5,竹ヶ鼻第一団地(西棟)　,-,３階以上,FALSE,TRUE,☆☆,FALSE,FALSE,FALSE,FALSE,TRUE,,34.5104204538501 ,136.73045375187 
39,伊勢市竹ヶ鼻町99-96,シンフォニアエンジニアリング株式会社,0596-36-4479,２階以上,FALSE,TRUE,☆,FALSE,FALSE,FALSE,FALSE,TRUE,民間,,
40,伊勢市竹ヶ鼻町100,シンフォニアテクノロジー 総合ビル,0596-36-1155,２階以上,FALSE,TRUE,☆,FALSE,FALSE,FALSE,FALSE,TRUE,民間,34.5089039323158 ,136.73091053326 
41,伊勢市神社港107-5,シンフォニアテクノロジー 五十鈴寮,0596-31-2010,３階以上,FALSE,TRUE,☆☆,FALSE,FALSE,FALSE,FALSE,TRUE,民間,34.5132131305366 ,136.73422992661 
42,伊勢市小木町曽祢538,イオンタウン伊勢ララパーク,0596-31-1211,屋上駐車場,FALSE,TRUE,☆,FALSE,FALSE,FALSE,FALSE,TRUE,民間,34.5065151556206 ,136.72268076372 
43,伊勢市小木町249-6,アンジュール小木Ⅱ,-,３階以上,FALSE,TRUE,☆☆,FALSE,FALSE,FALSE,FALSE,TRUE,民間,34.5023520296141 ,136.72434207236 
44,伊勢市馬瀬町850,わが家　伊勢,0596-36-2200,屋上,FALSE,TRUE,☆,FALSE,FALSE,FALSE,FALSE,TRUE,民間,34.5160388195159 ,136.72552374324 
45,伊勢市大湊町98-5,大湊地区コミュニティセンター,0596-36-4534,屋上,FALSE,TRUE,☆,FALSE,FALSE,FALSE,FALSE,TRUE,,34.5270220172018 ,136.73495771884 
46,伊勢市大湊町1118-194,旧大湊小学校 校舎,-,２階以上,TRUE,TRUE,☆☆,FALSE,TRUE,TRUE,TRUE,TRUE,,34.5266306226498 ,136.74464918093 
47,伊勢市大湊町1118-194,旧大湊小学校 屋内運動場,-,,FALSE,FALSE,-,TRUE,FALSE,FALSE,FALSE,FALSE,,34.5266110003304 ,136.74410641193 
48,伊勢市大湊町1282,みなと小学校 校舎,0596-63-5320,２階以上,TRUE,TRUE,☆☆,FALSE,TRUE,TRUE,TRUE,TRUE,自主,,
49,伊勢市大湊町1282,みなと小学校 屋内運動場,0596-63-5320,２階以上,TRUE,TRUE,☆☆,TRUE,TRUE,TRUE,TRUE,TRUE,自主,,
50,伊勢市大湊町1126,三重県下水道公社宮川浄化センター,0596-36-3841,２階以上,FALSE,TRUE,☆,FALSE,FALSE,FALSE,FALSE,TRUE,,34.5228798480095 ,136.73581720606 
51,伊勢市大湊町106-2,明神ポンプ場,-,３階以上,FALSE,TRUE,☆,FALSE,FALSE,FALSE,FALSE,TRUE,,34.5268542069632 ,136.73303457185 
52,伊勢市大湊町528-1,大湊町 津波避難施設(タワー),-,,FALSE,TRUE,☆☆,FALSE,FALSE,FALSE,FALSE,TRUE,,34.5288564073979 ,136.73864913274 
53,伊勢市神田久志本町1645-2,倉田山中学校 校舎,0596-22-9415,,FALSE,TRUE,▲,FALSE,FALSE,FALSE,FALSE,TRUE,,34.4896715400010 ,136.72694177121 
54,伊勢市神田久志本町1645-2,倉田山中学校 屋内運動場,0596-22-9415,,FALSE,TRUE,▲,TRUE,FALSE,FALSE,FALSE,TRUE,,34.4903152228599 ,136.72840594038 
55,伊勢市神田久志本町1703-1,伊勢高等学校 校舎,0596-22-0281,,TRUE,TRUE,☆☆☆,FALSE,TRUE,TRUE,TRUE,TRUE,,34.4879341810417 ,136.72815075236 
56,伊勢市神田久志本町1703-1,伊勢高等学校 体育館,0596-22-0281,,FALSE,TRUE,▲,FALSE,FALSE,FALSE,FALSE,TRUE,,34.4875236349791 ,136.72845325214 
57,伊勢市神久2丁目7-18,伊勢工業高等学校 校舎,0596-23-2234,３階以上,TRUE,TRUE,☆,FALSE,TRUE,TRUE,TRUE,TRUE,,34.4931562323764 ,136.72173753471 
58,伊勢市黒瀬町562-12,伊勢市生涯学習センター,0596-21-0900,,TRUE,TRUE,☆☆☆,TRUE,TRUE,TRUE,TRUE,TRUE,自主,34.4934048875550 ,136.73241374857 
59,伊勢市黒瀬町1882,黒瀬市民館,0596-25-7535,2階,FALSE,TRUE,▲,FALSE,FALSE,FALSE,FALSE,TRUE,,34.5011526916397 ,136.73569484064 
60,伊勢市黒瀬町1193,宇治山田商業高等学校 校舎,0596-22-1101,,TRUE,TRUE,☆☆☆,FALSE,TRUE,TRUE,TRUE,TRUE,,34.4931232500330 ,136.73999742584 
61,伊勢市黒瀬町1193,宇治山田商業高等学校 体育館,0596-22-1101,,TRUE,TRUE,☆☆☆,FALSE,TRUE,TRUE,TRUE,TRUE,,34.4928514709194 ,136.73943212352 
62,伊勢市黒瀬町1648-1,浜郷小学校 校舎,0596-22-3701,３階以上,TRUE,TRUE,☆,FALSE,TRUE,TRUE,TRUE,TRUE,,34.4995775114760 ,136.73643212627 
63,伊勢市黒瀬町1648-1,浜郷小学校 屋内運動場,0596-22-3701,,FALSE,FALSE,-,TRUE,FALSE,FALSE,FALSE,FALSE,,34.4991217970423 ,136.73695387235 
64,伊勢市一色町1490-4,一色町津波避難施設(タワー),-,,FALSE,TRUE,☆☆,FALSE,FALSE,FALSE,FALSE,TRUE,,34.5097226906934 ,136.74249290212 
65,伊勢市神田久志本町1560,伊勢まなび高等学校 校舎,0596-25-3710,2階以上,FALSE,TRUE,▲,FALSE,FALSE,FALSE,FALSE,TRUE,,34.4901613098419 ,136.73008891686 
66,伊勢市楠部町156-1,倉田山公園,-,,FALSE,TRUE,☆☆☆,FALSE,FALSE,FALSE,FALSE,TRUE,,34.4904962309468 ,136.73260144017 
67,伊勢市神田久志本町1704,皇学館大学 第一グラウンド,0596-22-0201,,FALSE,TRUE,☆☆☆,FALSE,FALSE,FALSE,FALSE,TRUE,民間,34.4861386790070 ,136.72761231760 
68,伊勢市旭町319,宮山小学校 屋内運動場,0596-28-2540,,FALSE,FALSE,-,TRUE,FALSE,FALSE,FALSE,FALSE,,34.4736023337936 ,136.69714989057 
69,伊勢市前山町355-4,宮本地区コミュニティセンター,0596-22-2232,,TRUE,FALSE,☆☆☆,FALSE,TRUE,TRUE,TRUE,FALSE,自主,34.4674449896310 ,136.68892306932 
70,伊勢市佐八町2278-12,佐八小学校 校舎,0596-39-0790,2階以上,TRUE,FALSE,☆☆,FALSE,TRUE,TRUE,TRUE,FALSE,自主,34.4650213679777 ,136.66039048050 
71,伊勢市佐八町2278-12,佐八小学校 屋内運動場,0596-39-0790,,FALSE,FALSE,-,TRUE,FALSE,FALSE,FALSE,FALSE,,34.4652957174211 ,136.66064443587 
72,伊勢市西豊浜町1779,豊浜西小学校 校舎,0596-37-2202,2階以上,TRUE,TRUE,☆☆,FALSE,TRUE,TRUE,TRUE,TRUE,,34.5204036475393 ,136.69425235121 
73,伊勢市西豊浜町1779,豊浜西小学校 屋内運動場,0596-37-2202,,FALSE,FALSE,-,TRUE,FALSE,FALSE,FALSE,FALSE,,34.5198576609805 ,136.69438303121 
74,伊勢市西豊浜町2736,旧豊浜中学校 校舎,-,３階以上,TRUE,TRUE,☆,FALSE,TRUE,TRUE,TRUE,TRUE,自主,34.5271812059926 ,136.69752378755 
75,伊勢市西豊浜町2736,旧豊浜中学校 屋内運動場,-,,FALSE,FALSE,-,TRUE,FALSE,FALSE,FALSE,FALSE,,34.5267789428979 ,136.69750812656 
76,伊勢市西豊浜町3657-3,小川町民会館,0596-37-1908,屋上,FALSE,TRUE,☆,FALSE,FALSE,FALSE,FALSE,TRUE,,34.5311902712489 ,136.70286443889 
77,伊勢市東豊浜町299-1,豊浜東小学校 校舎,0596-37-2156,３階以上,TRUE,TRUE,☆,FALSE,TRUE,TRUE,TRUE,TRUE,,34.5295696108146 ,136.71037784550 
78,伊勢市東豊浜町299-1,豊浜東小学校 屋内運動場,0596-37-2156,,FALSE,FALSE,-,TRUE,FALSE,FALSE,FALSE,FALSE,,34.5297512935092 ,136.71066763400 
79,伊勢市東豊浜町1089,東豊浜町土路区町民会館,0596-37-2501,２階,FALSE,TRUE,▲,FALSE,FALSE,FALSE,FALSE,TRUE,,34.5349273728303 ,136.71420310497 
80,東豊浜町3321-2,東豊浜町津波避難施設（タワー）,,,FALSE,TRUE,☆☆,FALSE,FALSE,FALSE,FALSE,TRUE,,34.5326000000000 ,136.71470600000 
81,伊勢市西豊浜町653,清掃工場,0596-37-1218,2階のみ,FALSE,TRUE,☆☆,FALSE,FALSE,FALSE,FALSE,TRUE,,34.5208380300722 ,136.67581618461 
82,伊勢市植山町245-1,クリーンセンター,0596-37-4805,2階のみ,FALSE,TRUE,☆☆,FALSE,FALSE,FALSE,FALSE,TRUE,,34.5346918783218 ,136.68195710521 
83,伊勢市植山町461,桜浜中学校　校舎,0596-63-5605,2階以上,TRUE,TRUE,☆☆,FALSE,TRUE,TRUE,TRUE,TRUE,自主,34.5349300000000 ,136.68398000000 
84,伊勢市植山町461,桜浜中学校　屋内運動場,0596-63-5605,２階,TRUE,TRUE,☆☆,TRUE,TRUE,TRUE,TRUE,TRUE,自主,34.5348100000000 ,136.68462000000 
85,伊勢市磯町924-1,磯町津波避難施設（マウンド）,-,,FALSE,TRUE,☆☆,FALSE,FALSE,FALSE,FALSE,TRUE,,34.5198439148728 ,136.70423269272 
86,伊勢市村松町3285-1,北浜小学校 校舎,0596-37-2127,３階以上,TRUE,TRUE,☆,FALSE,TRUE,TRUE,TRUE,TRUE,自主,34.5439457467491 ,136.69022415662 
87,伊勢市村松町3285-1,北浜小学校 屋内運動場,0596-37-2127,,FALSE,FALSE,-,TRUE,FALSE,FALSE,FALSE,FALSE,,34.5435513844906 ,136.69017791781 
88,伊勢市有滝町2638,有滝町民会館,0596-37-3114,屋上,FALSE,TRUE,☆,FALSE,FALSE,FALSE,FALSE,TRUE,,34.5407098792305 ,136.70248002720 
89,伊勢市有滝町2613,有滝町津波避難施設(タワー),-,,FALSE,TRUE,☆☆,FALSE,FALSE,FALSE,FALSE,TRUE,,34.5407581324759 ,136.70214861330 
90,伊勢市東大淀町15,旧北浜中学校 校舎,-,2階以上,TRUE,TRUE,☆☆,FALSE,TRUE,TRUE,TRUE,TRUE,,34.5529595197888 ,136.67712092216 
91,伊勢市東大淀町15,旧北浜中学校 屋内運動場,-,,FALSE,FALSE,-,TRUE,FALSE,FALSE,FALSE,FALSE,,34.5533484051427 ,136.67697903524 
92,伊勢市東大淀町351,東大淀小学校 校舎,0596-37-2143,2階以上,TRUE,TRUE,☆☆,FALSE,TRUE,TRUE,TRUE,TRUE,,34.5567876682588 ,136.66305370062 
93,伊勢市東大淀町351,東大淀小学校 屋内運動場,0596-37-2143,,FALSE,FALSE,-,TRUE,FALSE,FALSE,FALSE,FALSE,,34.5560792486141 ,136.66300177574 
94,伊勢市柏町528,柏町民会館,0596-37-0436,２階,FALSE,TRUE,▲,FALSE,FALSE,FALSE,FALSE,TRUE,,34.5448862461249 ,136.65085420947 
95,伊勢市東大淀町201-1,東大淀町民会館,0596-37-3948,２階,FALSE,TRUE,▲,FALSE,FALSE,FALSE,FALSE,TRUE,,34.5580781838588 ,136.66225241851 
96,伊勢市村松町1379-1,海惠の宿,0596-38-0022,3階以上,FALSE,TRUE,☆,FALSE,FALSE,FALSE,FALSE,TRUE,民間,34.5414406581392 ,136.66676834630 
97,伊勢市村松町4485-1,村松町津波避難施設(タワー),-,,FALSE,TRUE,☆☆,FALSE,FALSE,FALSE,FALSE,TRUE,,34.5483640794349 ,136.68224158253 
98,伊勢市上地町1494,城田小学校 校舎,0596-22-3641,,TRUE,TRUE,☆☆☆,FALSE,TRUE,TRUE,TRUE,TRUE,,34.4909604887599 ,136.66364426971 
99,伊勢市上地町1494,城田小学校 屋内運動場,0596-22-3641,,TRUE,TRUE,☆☆☆,TRUE,TRUE,TRUE,TRUE,TRUE,自主,34.4911130291312 ,136.66407583969 
100,伊勢市粟野町472,城田中学校 校舎,0596-25-5978,3階以上,TRUE,TRUE,☆☆,FALSE,TRUE,TRUE,TRUE,TRUE,,34.4863783395688 ,136.67200036971 
101,伊勢市粟野町472,城田中学校 屋内運動場,0596-25-5978,,FALSE,FALSE,-,TRUE,FALSE,FALSE,FALSE,FALSE,,34.4858302272087 ,136.67142568240 
102,伊勢市楠部町2484,四郷小学校 校舎,0596-22-3397,2階以上,TRUE,TRUE,☆☆,FALSE,TRUE,TRUE,TRUE,TRUE,,34.4752448245110 ,136.73739385995 
103,伊勢市楠部町2484,四郷小学校 屋内運動場,0596-22-3397,,FALSE,FALSE,-,TRUE,FALSE,FALSE,FALSE,FALSE,,34.4752135157044 ,136.73705579662 
104,伊勢市一宇田町891-1,しごうこども園,0596-25-6160,,TRUE,FALSE,☆☆☆,FALSE,TRUE,TRUE,TRUE,FALSE,自主,34.4775184134885 ,136.75411995383 
105,伊勢市楠部町乙160-2,イオン伊勢店,0596-26-1500,屋上駐車場,FALSE,TRUE,☆☆,FALSE,FALSE,FALSE,FALSE,TRUE,民間,34.4782316605514 ,136.73109093765 
106,伊勢市上野町823,旧沼木中学校 校舎,-,,TRUE,FALSE,☆☆☆,FALSE,TRUE,TRUE,TRUE,FALSE,,34.4414905108113 ,136.65964541841 
107,伊勢市上野町823,旧沼木中学校 屋内運動場,-,,TRUE,FALSE,☆☆☆,TRUE,TRUE,TRUE,TRUE,FALSE,,34.4414244604435 ,136.66029810905 
108,伊勢市上野町2841-2,上野小学校 校舎,0596-39-1211,,TRUE,FALSE,☆☆☆,FALSE,TRUE,TRUE,TRUE,FALSE,,34.4343721659962 ,136.65411438046 
109,伊勢市上野町2841-2,上野小学校 屋内運動場,0596-39-1211,,TRUE,FALSE,☆☆☆,TRUE,TRUE,TRUE,TRUE,FALSE,自主,34.4340738245762 ,136.65353953267 
110,伊勢市矢持町下村426,みどり保育園,0596-39-1330,,TRUE,FALSE,▲,FALSE,TRUE,TRUE,TRUE,FALSE,民間孤立,34.4098282131314 ,136.69175215596 
111,伊勢市二見町茶屋348,二見老人福祉センター,0596-44-0830,2階以上,FALSE,TRUE,▲,FALSE,FALSE,FALSE,FALSE,TRUE,,34.5062416529499 ,136.77875625759 
112,伊勢市二見町茶屋209,二見公民館,0596-42-1117,2階以上,TRUE,TRUE,☆,FALSE,TRUE,TRUE,TRUE,TRUE,自主,34.5077119399304 ,136.77689770104 
113,伊勢市二見町溝口516-1,溝口会館,0596-43-4586,2階以上,FALSE,TRUE,▲,FALSE,FALSE,FALSE,FALSE,TRUE,,34.5017150300943 ,136.75613791632 
114,伊勢市二見町荘1500,二見浦小学校 校舎,0596-42-1120,3階以上,TRUE,TRUE,☆,FALSE,TRUE,TRUE,TRUE,TRUE,,34.5071402291147 ,136.77465457033 
115,伊勢市二見町荘1500,二見浦小学校 屋内運動場,0596-42-1120,,FALSE,FALSE,-,TRUE,FALSE,FALSE,FALSE,FALSE,,34.5072275790726 ,136.77421211601 
116,伊勢市二見町荘2037-2,二見中学校 校舎,0596-42-1118,2階以上,TRUE,TRUE,☆☆,FALSE,TRUE,TRUE,TRUE,TRUE,,34.5098598573201 ,136.77180021699 
117,伊勢市二見町荘2037-2,二見中学校 屋内運動場,0596-42-1118,,TRUE,FALSE,▲,TRUE,TRUE,TRUE,TRUE,FALSE,,34.5097845765847 ,136.77269693599 
118,伊勢市二見町西866,西コミュニティセンター,0596-43-2230,2階以上,FALSE,TRUE,☆,FALSE,FALSE,FALSE,FALSE,TRUE,,34.5117990345136 ,136.75760119223 
119,伊勢市二見町今一色3,旧今一色小学校 屋内運動場,-,,FALSE,FALSE,-,TRUE,FALSE,FALSE,FALSE,FALSE,,34.5184815565685 ,136.75037918696 
120,伊勢市二見町今一色120,今一色コミュニティセンター,0596-43-3586,屋上,FALSE,TRUE,☆,FALSE,FALSE,FALSE,FALSE,TRUE,,34.5176167392164 ,136.74867984646 
121,伊勢市二見町今一色874-191,二見町今一色津波避難施設（タワー）,-,,FALSE,TRUE,☆☆,FALSE,FALSE,FALSE,FALSE,TRUE,,34.5202520000000 ,136.74787900000 
122,伊勢市二見町光の街1019-4,光の街コミュニティセンター,0596-42-2727,,FALSE,TRUE,▲,FALSE,FALSE,FALSE,FALSE,TRUE,,34.4984594399708 ,136.76425618131 
123,伊勢市二見町西185-58,県営住宅(五十鈴川団地),-,3階以上,FALSE,TRUE,☆☆,FALSE,FALSE,FALSE,FALSE,TRUE,,34.5067318100412 ,136.75740233338 
124,伊勢市二見町茶屋104-5,茶屋区防災センター,0596-43-2363,3階以上,FALSE,TRUE,☆,FALSE,FALSE,FALSE,FALSE,TRUE,民間,34.5055870879661 ,136.77696802946 
125,伊勢市二見町三津1164-16,安土桃山文化村駐車場,0596-43-2300,,FALSE,TRUE,☆☆☆,FALSE,FALSE,FALSE,FALSE,TRUE,民間,34.4975459152344 ,136.77764410975 
126,伊勢市二見町三津字池田855,シルバーケア豊壽園,0596-44-2525,3階,FALSE,TRUE,☆,FALSE,FALSE,FALSE,FALSE,TRUE,民間,34.5002886694806 ,136.77309915758 
127,伊勢市二見町西1122,西農業研修センター,0596-43-2230,屋上,FALSE,TRUE,☆,FALSE,FALSE,FALSE,FALSE,TRUE,民間,34.5119750967495 ,136.75786866285 
128,伊勢市二見町西1017-363,カーサ二見Ａ,-,2階以上階段・通路,FALSE,TRUE,☆☆,FALSE,FALSE,FALSE,FALSE,TRUE,,34.5070558837478 ,136.75626051697 
129,伊勢市二見町西1017-363,カーサ二見Ｂ,-,2階以上階段・通路,FALSE,TRUE,☆☆,FALSE,FALSE,FALSE,FALSE,TRUE,,34.5067552833476 ,136.75627554070 
130,伊勢市二見町西2088-1,二見町西津波避難施設（タワー）,-,,FALSE,TRUE,☆☆,FALSE,FALSE,FALSE,FALSE,TRUE,,34.5092310475749 ,136.75673425198 
131,伊勢市二見町茶屋,音無山,-,,FALSE,TRUE,▲,FALSE,FALSE,FALSE,FALSE,TRUE,,34.5065182505075 ,136.78336268611 
132,伊勢市二見町三津1210-2,国道42号 緑の一里塚(パーキング),-,,FALSE,TRUE,☆☆☆,FALSE,FALSE,FALSE,FALSE,TRUE,,34.5036169973717 ,136.78054765483 
133,伊勢市二見町江1659,太江寺境内,-,,FALSE,TRUE,▲,FALSE,FALSE,FALSE,FALSE,TRUE,民間,34.5045373954984 ,136.79176148766 
134,伊勢市小俣町元町536,小俣保健センター,-,2階以上,TRUE,TRUE,☆☆,TRUE,TRUE,TRUE,TRUE,TRUE,自主,34.5079120000000 ,136.67521700000 
135,伊勢市小俣町元町663-1,小俣小学校 校舎,0596-22-3555,2階以上,TRUE,TRUE,☆☆,FALSE,TRUE,TRUE,TRUE,TRUE,,34.5066291198214 ,136.67356764023 
136,伊勢市小俣町元町663-1,小俣小学校 屋内運動場,0596-22-3555,,FALSE,FALSE,-,TRUE,FALSE,FALSE,FALSE,FALSE,,34.5062084094094 ,136.67363110175 
137,伊勢市小俣町相合750,小俣中学校 校舎,0596-22-3610,2階以上,TRUE,TRUE,☆☆,FALSE,TRUE,TRUE,TRUE,TRUE,,34.5074836626036 ,136.66938258958 
138,伊勢市小俣町相合750,小俣中学校 屋内運動場,0596-22-3610,,FALSE,FALSE,-,TRUE,FALSE,FALSE,FALSE,FALSE,,34.5076976173282 ,136.67042554029 
139,伊勢市小俣町本町3,小俣農村環境改善センター,0596-25-5021,2階以上,TRUE,TRUE,☆☆,TRUE,TRUE,TRUE,TRUE,TRUE,,34.5059534714713 ,136.67045472273 
140,伊勢市野村町5-3,小俣北部公民館,0596-37-2246,,FALSE,TRUE,☆☆☆,FALSE,FALSE,FALSE,FALSE,TRUE,,34.5286638538410 ,136.66464419910 
141,伊勢市小俣町明野1481,明野高等学校 校舎,0596-37-4125,,TRUE,TRUE,☆☆☆,FALSE,TRUE,TRUE,TRUE,TRUE,,34.5262927924317 ,136.66659470178 
142,伊勢市小俣町明野1481,明野高等学校 体育館,0596-37-4125,,TRUE,TRUE,☆☆☆,FALSE,TRUE,TRUE,TRUE,TRUE,,34.5254240789585 ,136.66628061550 
143,伊勢市小俣町明野1939,明野小学校 校舎,0596-24-5171,,TRUE,TRUE,☆☆☆,FALSE,TRUE,TRUE,TRUE,TRUE,,34.5157159747005 ,136.66217297233 
144,伊勢市小俣町明野1939,明野小学校 屋内運動場,0596-24-5171,,TRUE,TRUE,☆☆☆,TRUE,TRUE,TRUE,TRUE,TRUE,,34.5152048304588 ,136.66178228250 
145,伊勢市小俣町新村菊迫間605,市営大仏山公園,-,,FALSE,TRUE,☆☆☆,FALSE,FALSE,FALSE,FALSE,TRUE,,34.5185208502200 ,136.65657402260 
146,伊勢市御薗町長屋1074-9,御薗小学校 校舎,0596-22-3414,2階以上,TRUE,TRUE,☆☆,FALSE,TRUE,TRUE,TRUE,TRUE,,34.5087769319020 ,136.70923265240 
147,伊勢市御薗町長屋1074-9,御薗小学校 屋内運動場,0596-22-3414,,FALSE,FALSE,-,TRUE,FALSE,FALSE,FALSE,FALSE,,34.5078189613676 ,136.70862014296 
148,伊勢市磯町2225,御薗中学校 校舎,0596-36-5139,2階以上,TRUE,TRUE,☆,FALSE,TRUE,TRUE,TRUE,TRUE,,34.5147236519112 ,136.71042526969 
149,伊勢市磯町2225,御薗中学校　屋内運動場,0596-36-5139,,FALSE,FALSE,-,TRUE,FALSE,FALSE,FALSE,FALSE,,34.5146582327887 ,136.70956074000 
150,伊勢市御薗町長屋2767,ハートプラザみその,0596-22-6602,2階以上,TRUE,TRUE,☆,TRUE,TRUE,TRUE,TRUE,TRUE,自主,34.5096137710084 ,136.70767659562 
151,伊勢市御薗町上條1173-1,御薗Ｂ＆Ｇ海洋センター,0596-36-4511,,FALSE,FALSE,-,TRUE,FALSE,FALSE,FALSE,FALSE,,34.5136715101379 ,136.71334088453 
152,伊勢市御薗町高向731,御薗第二保育園,0596-28-7300,2階以上,TRUE,TRUE,☆☆,FALSE,TRUE,TRUE,TRUE,TRUE,,34.5007099396197 ,136.69904374465 
153,伊勢市御薗町高向686-8,新高公民館,0596-25-2196,2階以上,FALSE,TRUE,☆,FALSE,FALSE,FALSE,FALSE,TRUE,,34.4976108172812 ,136.70014060705 
154,伊勢市御薗町高向2658-1,高向公民館,0596-22-8551,2階以上,FALSE,TRUE,☆☆,FALSE,FALSE,FALSE,FALSE,TRUE,,34.5059689441203 ,136.69923509352 
155,伊勢市御薗町長屋2863-2,上長屋公民館,-,2階以上,FALSE,TRUE,☆☆,FALSE,FALSE,FALSE,FALSE,TRUE,,34.5087396229987 ,136.70517768811 
156,伊勢市御薗町長屋1074-1,中長屋公民館,-,2階以上,FALSE,TRUE,☆,FALSE,FALSE,FALSE,FALSE,TRUE,,34.5094115794029 ,136.70962768757 
157,伊勢市御薗町長屋1599-2,下長屋公民館,0596-23-6093,2階以上,FALSE,TRUE,☆,FALSE,FALSE,FALSE,FALSE,TRUE,,34.5113212397219 ,136.71139381493 
158,伊勢市御薗町王中島594,王中島公民館,0596-36-0134,2階以上,FALSE,TRUE,☆,FALSE,FALSE,FALSE,FALSE,TRUE,,34.5125587980006 ,136.71614513378 
159,伊勢市御薗町王中島23,ゆたかこども園,0596-22-3480,3階以上,FALSE,TRUE,☆,FALSE,FALSE,FALSE,FALSE,TRUE,民間,34.5067529849544 ,136.71777339558 
160,伊勢市御薗町新開941-5,新開公民館,0596-36-0127,2階以上,FALSE,TRUE,▲,FALSE,FALSE,FALSE,FALSE,TRUE,,34.5106199029248 ,136.72178683880 
161,伊勢市御薗町上條88,上條公民館,0596-36-1195,2階以上,FALSE,TRUE,▲,FALSE,FALSE,FALSE,FALSE,TRUE,,34.5174832990106 ,136.71331357943 
162,伊勢市御薗町小林343,小林公民館,-,3階以上,FALSE,TRUE,☆,FALSE,FALSE,FALSE,FALSE,TRUE,,34.5212011241451 ,136.71913568989 
163,伊勢市御薗町小林1612,小林ポンプ場,-,3階以上,FALSE,TRUE,☆☆,FALSE,FALSE,FALSE,FALSE,TRUE,,34.5244036291917 ,136.72651519793 
164,伊勢市御薗町上條1469-5,マンション大山,-,3階以上,FALSE,TRUE,☆,FALSE,FALSE,FALSE,FALSE,TRUE,民間,34.5176757469335 ,136.71378892044 
165,伊勢市御薗町上條1469-8,アビーロード,-,3階以上,FALSE,TRUE,☆☆,FALSE,FALSE,FALSE,FALSE,TRUE,民間,34.5173616155005 ,136.71374970672 
166,伊勢市御薗町上條1469-1,アルタイル,-,3階以上,FALSE,TRUE,☆☆,FALSE,FALSE,FALSE,FALSE,TRUE,民間,34.5174207555893 ,136.71437943566 
167,伊勢市御薗町新開712,マエストロ御薗,-,3階以上,FALSE,TRUE,☆☆,FALSE,FALSE,FALSE,FALSE,TRUE,民間,34.5110977463218 ,136.72181462677 
168,伊勢市御薗町上條1244,マンションK＆K,-,3階以上,FALSE,TRUE,☆☆,FALSE,FALSE,FALSE,FALSE,TRUE,民間,34.5171273092638 ,136.71346914764 
169,伊勢市御薗町上條1473,マンションM＆E,-,3階以上,FALSE,TRUE,☆☆,FALSE,FALSE,FALSE,FALSE,TRUE,民間,34.5170012047736 ,136.71388424617 
